 ID_Campanha , Data da Campanha , Canal / Plataforma , Nome da Campanha , Valor Investido (R$) , Total de Impressoes , Total de Cliques , Conversoes / Leads , Custo por Clique (CPC) , Status Campanha 
"CMP-1001","2024-04-24","META ADS"," Remarketing Leads Qualificados ","R$ 1121","40.524"," 1.894 ","156","R$ 0,59","PAUSADO"
"CMP-1002","17.03.2024","Facebook Ads"," Campanha de Retenção ","561.16","6.865","244 cliques"," 17 ","R$ 2,30","ATIVA"
"CMP-1003","2024-04-17"," LinkedIn Ads "," Desconto Primeira Compra ","R$ 866","11033"," 745 ","72","R$ 1,16","PAUSADO"
"CMP-1004","09.03.2024","Newsletter"," Geracao de Leads B2B ","R$ 633","9148"," 590 "," 36 ","1.07","Ativa"
"CMP-1005","2024-02-28","Linkedin Ads"," Institucional Branding ","R$ 573","5124"," 330 "," 45 ","R$ 1,74","Concluida"
"CMP-1006","01.02.2024","Linkedin Ads","Campanha de Verão - Promo","804.08","18466","1016 cliques","78","R$ 0,79","Ativa"
"CMP-1007","20/01/2024","Instagram Ads"," Geracao de Leads B2B ","R$ 337","16680","526 cliques"," 21 ","R$ 0,64","Concluída"
"CMP-1008","2024-04-16"," Email Marketing "," Desconto Primeira Compra ","R$ 945","38585","1645","183","R$ 0,57","Pausada"
"CMP-1009","07.02.2024","Linkedin Ads"," Promoção Mês de Maio ","R$ 2404,52","44.278","3923 cliques"," 698 ","R$ 0,61","Pausada"
"CMP-1010","11.02.2024"," Meta Ads (FB/Insta) "," Campanha de Retenção ","R$ 2759,41","29562"," 2.247 "," 158 ","1.23","ATIVA"
"CMP-1011","2024-06-28","Newsletter"," Geracao de Leads B2B ","R$ 3131","27.039","1954 cliques"," 138 ","1.60","Ativa"
"CMP-1012","05.02.2024"," Email Marketing "," Desconto Primeira Compra ","1478.82","26.599"," 1.142 ","93","R$ 1,29","Concluída"
"CMP-1013","23/01/2024","TIKTOK ADS"," Remarketing Leads Qualificados ","R$ 2875","9866","702 cliques","34","4.09","Pausada"
"CMP-1014","2024-03-03"," Meta Ads (FB/Insta) "," Campanha de Retenção ","1606.92","24.151","2023 cliques","313","R$ 0,79","ATIVA"
"CMP-1015","17/04/2024","google_ads"," Remarketing Leads Qualificados ","1839.10","19.337"," 1.113 "," 176 ","1.65","PAUSADO"
"CMP-1016","27/01/2024"," Meta Ads (FB/Insta) "," Lançamento Novo Produto ","R$ 564","23.442","660 cliques","110","R$ 0,85","PAUSADO"
"CMP-1017","28.06.2024","LINKEDIN"," Promoção Mês de Maio ","R$ 2130","33529","3098"," 136 ","0.69","Ativa"
"CMP-1018","25.01.2024"," Google Ads "," Remarketing Leads Qualificados ","2334.77","44.521"," 3.328 "," 551 ","R$ 0,70","ATIVA"
"CMP-1019","2024-02-26"," TikTok Ads "," Lançamento Novo Produto ","R$ 1095,07","30690"," 2.436 ","326","R$ 0,45","Concluida"
"CMP-1020","23.05.2024"," LinkedIn Ads "," Promoção Mês de Maio ","2212.34","27174"," 2.205 "," 113 ","1.00","ATIVA"
"CMP-1021","04.06.2024","TIKTOK ADS"," Desconto Primeira Compra ","R$ 2904","34434"," 2.908 "," 296 ","1.00","ATIVA"
"CMP-1022","02.02.2024"," Google Ads "," Lançamento Novo Produto ","3064.50","12.043","746 cliques","40","R$ 4,11","Concluída"
"CMP-1023","2024-03-23"," Google Ads "," Institucional Branding ","R$ 2159,85","8536","444 cliques"," 40 ","4.86","PAUSADO"
"CMP-1024","2024-01-19","google_ads"," Geracao de Leads B2B ","937.28","14951"," 1.044 ","60","R$ 0,90","Concluída"
"CMP-1025","2024-06-09","META ADS","Campanha de Verão - Promo","R$ 600","10792","544 cliques","96","1.10","Concluida"
"CMP-1026","05.02.2024"," Email Marketing "," Lançamento Novo Produto ","R$ 2050","33.259","1125 cliques","163","R$ 1,82","Encerrada"
"CMP-1027","2024-03-21","Newsletter","Campanha de Verão - Promo","2764.11","25888","2534 cliques","208","R$ 1,09","ATIVA"
"CMP-1028","18.05.2024","TIKTOK ADS"," Institucional Branding ","625.55","26608"," 1.248 ","146","R$ 0,50","Encerrada"
"CMP-1029","14/01/2024"," Email Marketing ","Campanha de Verão - Promo","509.79","42.541","3133"," 446 ","R$ 0,16","Concluida"
"CMP-1030","07.02.2024"," Meta Ads (FB/Insta) "," Promoção Mês de Maio ","R$ 2365,65","16.507"," 524 ","73","4.51","Pausada"
"CMP-1031","2024-04-08"," Email Marketing "," Desconto Primeira Compra ","1456.79","22.512","1173 cliques"," 110 ","1.24","Ativa"
"CMP-1032","17/04/2024"," Google Ads "," Remarketing Leads Qualificados ","1273.90","11341","575 cliques"," 43 ","2.22","PAUSADO"
"CMP-1033","2024-06-18"," Google Ads "," Remarketing Leads Qualificados ","1299.46","5.942","565 cliques"," 25 ","R$ 2,30","Encerrada"
"CMP-1034","03.03.2024","Linkedin Ads"," Institucional Branding ","R$ 1553","8319"," 320 "," 24 ","4.85","Concluida"
"CMP-1035","02.03.2024","google_ads"," Black Friday 2024 ","R$ 1377","7.209"," 327 ","35","4.21","Concluida"
"CMP-1036","05.01.2024","Linkedin Ads"," Desconto Primeira Compra ","1406.47","17684","1295","130","R$ 1,09","Concluída"
"CMP-1037","02.05.2024","GOOGLE ADS"," Campanha de Retenção ","R$ 1846","9.656"," 750 ","33","2.46","Concluída"
"CMP-1038","2024-06-18","META ADS"," Institucional Branding ","3028.05","32036"," 1.923 ","248","1.57","Pausada"
"CMP-1039","01/06/2024","tiktok"," Geracao de Leads B2B ","R$ 2076","27541","697 cliques"," 82 ","R$ 2,98","Pausada"
"CMP-1040","2024-05-11"," LinkedIn Ads "," Institucional Branding ","1805.01","28.263","2628 cliques","133","0.69","Encerrada"
"CMP-1041","06.02.2024","Newsletter"," Institucional Branding ","445.05","10798"," 721 "," 78 ","R$ 0,62","ATIVA"
"CMP-1042","27.06.2024"," Meta Ads (FB/Insta) "," Black Friday 2024 ","R$ 438,10","30372","1065 cliques"," 95 ","R$ 0,41","ATIVA"
"CMP-1043","12.02.2024","LINKEDIN"," Promoção Mês de Maio ","R$ 2162","12.599","629"," 91 ","R$ 3,44","Ativa"
"CMP-1044","18.06.2024"," Email Marketing "," Campanha de Retenção ","R$ 1523","21.137","627 cliques"," 112 ","R$ 2,43","Pausada"
"CMP-1045","14/04/2024","Linkedin Ads"," Geracao de Leads B2B ","R$ 1081","13.711","485"," 36 ","2.23","Encerrada"