 RGM / Matricula , Nome do Estudante , Disciplina / Materia , Turma / Periodo , Nota Prova 1 , Nota Prova 2 , Nota Trabalhos , Media Final Calculada , Qtd Atividades Entregues , Total Atividades Passadas , Frequencia / Presenca (%) , Situacao Final do Aluno , Data Ultima Avaliacao 
"2024-1001"," Lucas Andrade Silva ","Matemática Aplicada"," 2º Ano B ","6.1","5,2","8.5","6,22"," 10 entregas ","10","76.5%","Em DP","2024-04-27"
"2024-1002","Beatriz Costa Ribeiro","Quimica Organica"," 1º Ano A ","7,2","4.2","5,2","5,60"," 10 entregas ","10","69.2%","REPROVADO POR FALTAS","2024-04-01"
"2024-1003"," Gabriel Santos Oliveira ","Fisica I"," 2º Ano B ","8,4","5.9","7,3","7.18"," 8 entregas ","10","92,2 %","EM RECUPERAÇÃO","04/04/2024"
"2024-1004","Mariana Lima Souza","Lingua Portuguesa"," 2º Ano B ","5.5","5,1","9,7","6.18","9/10","10","82.6%","Aprovada","2024-04-25"
"2024-1005"," Guilherme Pereira ","Portugues","3 Ano C","8.5","8.1","9,6","8.56","9 de 10","10"," 69% ","Em DP","03/04/2024"
"2024-1006"," Sofia Martins Ferreira ","MATEMATICA"," 1º Ano A ","9.9","8,3","5.6","8,40","7 de 10","10"," 89% ","Recuperação","07.04.2024"
"2024-1007"," Matheus Alves Rocha ","Matematica"," 1º Ano A ","4,1","5,7","9.3","5,78","8/10","10"," 99% ","EM RECUPERAÇÃO","20.04.2024"
"2024-1008","Isabela Gomez Duarte","FÍSICA I"," 1º Ano A ","6.0","7.7","9.1","7.30","9 de 10","10","73,3 %","Aprovado","2024-04-20"
"2024-1009"," Gustavo Henrique Lima ","Lingua Portuguesa"," 2º Ano B ","6.1","4,3","7,0","5.56","7 de 10","10"," 73% ","Aprovada","2024-04-20"
"2024-1010"," Amanda Rodrigues ","Portugues"," 1º Ano A ","7,2"," - ","5,2","6.96","5 de 10","10","87.7%","APROVADO POR NOTA E FREQUENCIA","2024-04-20"
"2024-1011"," Felipe Barbosa ","Historia","1 Ano A"," - ","8,7","7.9","8.06","7","10"," 76% ","Aprovado","20.04.2024"
"2024-1012"," Larissa Machado ","Quimica Organica"," 2º Ano B ","8.1","9,2","9,2","8.76","9","10","84,4 %","REPROVADO POR FALTAS","2024-04-01"
"2024-1013"," Thiago Mendes Castro ","História Contemporânea","2 Ano B","5,7","4.3","5.5","5,10","5 de 10","10","86.6%","Reprovado","13.04.2024"
"2024-1014"," Camila Ramos Barbosa ","Língua Portuguesa","2 Ano B","4.5","7,6","9.7","6,78"," 10 entregas ","10"," 84% ","em recuperacao","15.04.2024"
"2024-1015"," Rodrigo Nogueira ","História Contemporânea"," 1A ","7,3","8.4","5,8","7.44"," 7 entregas ","10","84.6%","Em Recuperacao","2024-04-10"
"2024-1016"," Vanessa Dias ","HISTORIA"," 1º Ano A ","6.7","10.0","8.6","8,40","9/10","10","71.9%","Recuperação","13/04/2024"
"2024-1017"," Rafael Torres Pinto ","Portugues","1 Ano A","5.8","5,5","5,7","5.66","5 de 10","10","91,8 %","Reprovado por Nota","02/04/2024"
"2024-1018"," Juliana Carvalho ","Matematica","2 Ano B","7.4"," - ","5.7","5,94","10/10","10","69.1%","REPROVADO POR FALTAS","2024-04-01"
"2024-1019"," Bruno Eduardo Farias ","FÍSICA I","2 Ano B","9.7","9,9","9,1","9.66","9 de 10","10","79.0%","REPROVADO","28.04.2024"
"2024-1020"," Patricia Mendes ","Matematica","2 Ano B","7.7","4,2","8.2","6,40","6/10","10","87,9 %","Recuperação","15/04/2024"
"2024-1021"," Daniel Carvalho ","História Contemporânea"," 2º Ano B "," - ","9,8","7,0","7.32"," 6 entregas ","10","75,8 %","REPROVADO","13/04/2024"
"2024-1022"," Leticia Soares ","FÍSICA I","2 Ano B","9,0","5,7","6.1","7,10"," 5 entregas ","10","98,2 %","APROVADO POR NOTA E FREQUENCIA","02.04.2024"
"2024-1023"," Marcelo Augusto ","Química Orgânica","3 Ano C","4.9","6.2","5,8","5.60","5","10"," 98% ","Recuperação","23.04.2024"
"2024-1024"," Natalia Farias ","Fisica 1"," 1º Ano A ","9.0","4.5","6,5","6,70","9 de 10","10","94,6 %","Reprovado","02.04.2024"
"2024-1025"," Otavio Augusto ","Historia"," 1A ","4.5","6.3","6,7","5,66","5/10","10"," 92% ","Em Recuperacao","2024-04-22"
"2024-1026"," Bianca Martins ","Matematica","3 Ano C","7.3"," - ","5,3","7,26"," 5 entregas ","10","73,6 %","aprovado","08.04.2024"
"2024-1027"," Caio Fernando ","Portugues","2 Ano B","9,0"," - ","6,2","7,32","8/10","10","94,5 %","REPROVADO","12.04.2024"
"2024-1028"," Carolina Paiva ","QUIMICA"," 1º Ano A ","N/A"," - ","8.4","7,40","7/10","10","82,3 %","Aprovado","28/04/2024"
"2024-1029"," Diego Armando ","Língua Portuguesa","2 Ano B","N/A","9.0","6,6","7.72"," 7 entregas ","10","93,9 %","em recuperacao","28.04.2024"
"2024-1030"," Fernanda Torres ","Fisica 1","2 Ano B","4,8","8.9","8,9","7,26"," 10 entregas ","10","94,7 %","aprovado","2024-04-25"
"2024-1031"," Heitor Silva ","HISTORIA"," 1º Ano A ","6.5","6.1","9,3","6.90","8/10","10","90,2 %","Aprovada","11.04.2024"
"2024-1032"," Igor Guimaraes ","Historia Geral"," 3º Ano C ","4,9","5.3","5,5","5,18","9 de 10","10"," 83% ","Em Recuperacao","2024-04-27"
"2024-1033"," Julia Paes ","Física Quantica I"," 1º Ano A "," - ","5,7","8.7","7,18","10 de 10","10","82.5%","Aprovado","2024-04-07"
"2024-1034"," Kevin Ribeiro ","FÍSICA I"," 1º Ano A ","7.8","5,1","7,9","6,74","7/10","10","89,2 %","aprovado","25.04.2024"
"2024-1035"," Lara Croft Silva ","HISTORIA"," 1A ","6,4","9.7","9,9","8.42","5","10","65,3 %","Aprovada","22/04/2024"
"2024-1036"," Leonardo da Vinci ","Língua Portuguesa"," 3º Ano C ","5.5","5,6","9.3","6.30","10/10","10","74,1 %","APROVADO POR NOTA E FREQUENCIA","13.04.2024"
"2024-1037"," Manuela Santos ","Física Quantica I"," 1A ","4,1","5,9","7.8","5,56"," 5 entregas ","10"," 70% ","aprovado","2024-04-05"
"2024-1038"," Nicolas Cage ","Química Orgânica"," 3º Ano C ","6.2","4.8","6,6","5,72","9/10","10"," 69% ","Aprovado","2024-04-05"
"2024-1039"," Olivia Palito ","HISTORIA"," 3º Ano C ","6,6","6.0","9.2","6.88","5","10","88,9 %","Em DP","2024-04-05"
"2024-1040"," Paulo Freire Silva ","QUIMICA"," 1A "," - ","9.6","7.9","7,90","9/10","10","82,4 %","Aprovada","2024-04-08"
"2024-1041"," Renan Castro ","FÍSICA I"," 3º Ano C "," - "," - ","9.3","6.74","8/10","10"," 77% ","APROVADO POR NOTA E FREQUENCIA","2024-04-12"
"2024-1042"," Sabina Hidalgo ","Fisica I"," 1º Ano A ","8,6","4,2","8,5","6.82","5/10","10","68.4%","aprovado","2024-04-04"
"2024-1043"," Tomas Edison ","Fisica 1","3 Ano C","N/A","7,1","7.7","7.70","5 de 10","10","79,8 %","Aprovada","25.04.2024"
"2024-1044"," Vinicius de Moraes ","Quimica","3 Ano C","5,0","6,8","5,6","5.84","5/10","10","89.2%","Em Recuperacao","05/04/2024"
"2024-1045"," Yasmin Brunet ","Historia","1 Ano A","6,8","4.4","5,4","5,56","9/10","10","74,7 %","Reprovado","19/04/2024"
"2024-1046"," Zeca Pagodinho ","MATEMATICA"," 3º Ano C ","4,3","9.2","6,5","6,70","10/10","10","81,6 %","Aprovada","2024-04-16"
"2024-1047"," Arthur Dent ","MATEMATICA"," 1º Ano A ","4,8","4,4","7.4","5.16","9","10","87,7 %","Aprovada","2024-04-21"
"2024-1048"," Clara Oswald ","Matemática Aplicada","3 Ano C","6,4","6,4","6,9","6,50","8 de 10","10","83.0%","REPROVADO POR FALTAS","28.04.2024"
"2024-1049"," Enzo Gabriel ","Fisica 1"," 2º Ano B ","6,6","8.6","8,0","7,68","7 de 10","10"," 78% ","Reprovado","2024-04-10"
"2024-1050"," Valentina Sophia ","Quimica"," 2º Ano B ","7.6","6.5","5,3","6.70","7/10","10"," 81% ","Em DP","2024-04-25"
"2024-1051"," Alice no Pais ","PORTUGUES"," 3º Ano C ","5.6","6.0","9.7","6,58","7/10","10","95,0 %","APROVADO POR NOTA E FREQUENCIA","19.04.2024"
"2024-1052"," Bernardo Silva ","PORTUGUES","1 Ano A","8,3","7,8","9.2","8,28","9","10","65.6%","Em Recuperacao","2024-04-04"
"2024-1053"," Cecília Meireles ","Quimica Organica"," 1º Ano A ","7,0","5,5","6.8","6.36","8/10","10","70.5%","Em Recuperacao","2024-04-20"
"2024-1054"," Davi Lucca ","Matematica Aplicada"," 3º Ano C ","4.7","5.1","7,5","5.42","7 de 10","10"," 95% ","Recuperação","18.04.2024"
"2024-1055"," Helena Ranaldi ","Fisica 1","1 Ano A","6.9","6.0","7,1","6.58","8","10","87,2 %","REPROVADO","07.04.2024"
"2024-1056"," Joao Pedro ","Fisica 1"," 1A ","9.3","4.7","7,3","7,06","9","10","79.8%","REPROVADO","22.04.2024"
"2024-1057"," Maria Eduarda ","Língua Portuguesa","3 Ano C","6,7","5.0","8.1","6,30","7/10","10"," 89% ","APROVADO POR NOTA E FREQUENCIA","2024-04-10"
"2024-1058"," Pedro Henrique ","MATEMATICA"," 1A ","7.1","9.1","5,3","7,54","5","10","70.6%","Recuperação","2024-04-14"
"2024-1059"," Samuel Rosa ","Portugues","3 Ano C","N/A","8.8","6,4","7.00","8 de 10","10","96.5%","Recuperação","2024-04-24"
"2024-1060"," Theo James ","MATEMATICA"," 1A ","8,7","9,6","7,1","8.74"," 7 entregas ","10","88.0%","Reprovado","08/04/2024"